encrypt_time_sec,index_time_sec,search_time_sec
0.8221721649169922,0.5739383697509766,0.11808991432189941
